{"indexes":[{"v":{"$numberInt":"2"},"key":{"_id":{"$numberInt":"1"}},"name":"_id_"},{"v":{"$numberInt":"2"},"key":{"id":{"$numberInt":"1"}},"name":"_RM_id","unique":true,"sparse":true},{"v":{"$numberInt":"2"},"key":{"contratoIngreso.categoriaResidenteId":{"$numberInt":"1"}},"name":"_RM_contratoIngreso.categoriaResidenteId"},{"v":{"$numberInt":"2"},"key":{"contratoIngresoId":{"$numberInt":"1"}},"name":"_RM_contratoIngresoId"},{"v":{"$numberInt":"2"},"key":{"contratoIngreso.origenIngresoId":{"$numberInt":"1"}},"name":"_RM_contratoIngreso.origenIngresoId"}],"uuid":"0c36c6c550544d9c8d99aa57fe1093e6","collectionName":"contratoIngresoMedicamentos","type":"collection"}