{"indexes":[{"v":{"$numberInt":"2"},"key":{"_id":{"$numberInt":"1"}},"name":"_id_"},{"v":{"$numberInt":"2"},"key":{"id":{"$numberInt":"1"}},"name":"_RM_id","unique":true,"sparse":true},{"v":{"$numberInt":"2"},"key":{"contratoIngresos.categoriaResidenteId":{"$numberInt":"1"}},"name":"_RM_contratoIngresos.categoriaResidenteId"},{"v":{"$numberInt":"2"},"key":{"contratoIngresos.origenIngresoId":{"$numberInt":"1"}},"name":"_RM_contratoIngresos.origenIngresoId"}],"uuid":"e3d2960a99144177adb98680bfee71ab","collectionName":"habitacion","type":"collection"}