{"indexes":[{"v":{"$numberInt":"2"},"key":{"_id":{"$numberInt":"1"}},"name":"_id_"},{"v":{"$numberInt":"2"},"key":{"contratoIngresos.categoriaResidenteId":{"$numberInt":"1"}},"name":"_RM_contratoIngresos.categoriaResidenteId"},{"v":{"$numberInt":"2"},"key":{"rut":{"$numberInt":"1"}},"name":"_RM_rut","unique":true,"sparse":true},{"v":{"$numberInt":"2"},"key":{"residenteFicha.escolaridadId":{"$numberInt":"1"}},"name":"_RM_residenteFicha.escolaridadId"},{"v":{"$numberInt":"2"},"key":{"residenteFicha.calidadApoyoId":{"$numberInt":"1"}},"name":"_RM_residenteFicha.calidadApoyoId"},{"v":{"$numberInt":"2"},"key":{"residenteFicha.previsionSaludId":{"$numberInt":"1"}},"name":"_RM_residenteFicha.previsionSaludId"},{"v":{"$numberInt":"2"},"key":{"residenteExamen.examenTipoId":{"$numberInt":"1"}},"name":"_RM_residenteExamen.examenTipoId"},{"v":{"$numberInt":"2"},"key":{"residentePatologias.patologiaId":{"$numberInt":"1"}},"name":"_RM_residentePatologias.patologiaId"},{"v":{"$numberInt":"2"},"key":{"contratoIngresos.origenIngresoId":{"$numberInt":"1"}},"name":"_RM_contratoIngresos.origenIngresoId"},{"v":{"$numberInt":"2"},"key":{"residenteFicha.previsionSocialId":{"$numberInt":"1"}},"name":"_RM_residenteFicha.previsionSocialId"}],"uuid":"dd811fc113294117a053fad9e36de38f","collectionName":"residentes","type":"collection"}